1,alpha,go to node 3,Your observation is: Round: 1. Total team score: 0. Results: You moved to Room 3. In the new room you found ; Bomb 4. Room contents: You are currently in Room 3. Contents of this room include alpha; Bomb 4. Your teammates action in last round: Player alpha: "go to node 3". Player bravo: "go to node 5". Player charlie: "go to node 6". Communication messages sent by your teammates: ,
1,bravo,go to node 5,Your observation is: Round: 1. Total team score: 0. Results: You moved to Room 5. In the new room you found charlie; Bomb 2. Room contents: You are currently in Room 5. Contents of this room include charlie and bravo; Bomb 2. Your teammates action in last round: Player alpha: "go to node 3". Player bravo: "go to node 5". Player charlie: "go to node 6". Communication messages sent by your teammates: ,
1,charlie,go to node 6,Your observation is: Round: 1. Total team score: 0. Results: You moved to Room 6. In the new room you found ; Bomb 3. Room contents: You are currently in Room 6. Contents of this room include charlie; Bomb 3. Your teammates action in last round: Player alpha: "go to node 3". Player bravo: "go to node 5". Player charlie: "go to node 6". Communication messages sent by your teammates: ,
2,alpha,inspect bomb,Your observation is: Round: 2. Total team score: 0. Results: You inspected Bomb 4. This bomb is a 2-stage bomb and its remaining sequence is Red-Green. Room contents: You are currently in Room 3. Contents of this room include alpha; Bomb 4. Your teammates action in last round: Player alpha: "inspect bomb". Player bravo: "inspect bomb". Player charlie: "inspect bomb". Communication messages sent by your teammates: ,
2,bravo,inspect bomb,Your observation is: Round: 2. Total team score: 0. Results: You inspected Bomb 2. This bomb is a 1-stage bomb and its remaining sequence is Blue. Room contents: You are currently in Room 5. Contents of this room include bravo; Bomb 2. Your teammates action in last round: Player alpha: "inspect bomb". Player bravo: "inspect bomb". Player charlie: "inspect bomb". Communication messages sent by your teammates: ,
2,charlie,inspect bomb,Your observation is: Round: 2. Total team score: 0. Results: You inspected Bomb 3. This bomb is a 2-stage bomb and its remaining sequence is Blue-Red. Room contents: You are currently in Room 6. Contents of this room include charlie; Bomb 3. Your teammates action in last round: Player alpha: "inspect bomb". Player bravo: "inspect bomb". Player charlie: "inspect bomb". Communication messages sent by your teammates: ,
3,alpha,inspect bomb,Your observation is: Round: 3. Total team score: 0. Results: You inspected Bomb 4. This bomb is a 2-stage bomb and its remaining sequence is Red-Green. Room contents: You are currently in Room 3. Contents of this room include alpha; Bomb 4. Your teammates action in last round: Player alpha: "inspect bomb". Player bravo: "inspect bomb". Player charlie: "use red tool". Communication messages sent by your teammates: ,
3,bravo,inspect bomb,Your observation is: Round: 3. Total team score: 0. Results: You inspected Bomb 2. This bomb is a 1-stage bomb and its remaining sequence is Blue. Room contents: You are currently in Room 5. Contents of this room include bravo; Bomb 2. Your teammates action in last round: Player alpha: "inspect bomb". Player bravo: "inspect bomb". Player charlie: "use red tool". Communication messages sent by your teammates: ,
3,charlie,use red tool,Your observation is: Round: 3. Total team score: 0. Results: You can not apply Tool Red to Bomb 3 because the sequence of this bomb is (<Color.blue: 2>; <Color.red: 0>). You will need to apply other color tool first. Room contents: You are currently in Room 6. Contents of this room include charlie; Bomb 3. Your teammates action in last round: Player alpha: "inspect bomb". Player bravo: "inspect bomb". Player charlie: "use red tool". Communication messages sent by your teammates: ,
1,alpha,go to node 3,Your observation is: Round: 1. Total team score: 0. Results: You moved to Room 3. In the new room you found ; Bomb 4. Room contents: You are currently in Room 3. Contents of this room include alpha; Bomb 4. Your teammates action in last round: Player alpha: "go to node 3". Player bravo: "go to node 5". Player charlie: "go to node 6". Communication messages sent by your teammates: ,
1,bravo,go to node 5,Your observation is: Round: 1. Total team score: 0. Results: You moved to Room 5. In the new room you found charlie; Bomb 2. Room contents: You are currently in Room 5. Contents of this room include charlie and bravo; Bomb 2. Your teammates action in last round: Player alpha: "go to node 3". Player bravo: "go to node 5". Player charlie: "go to node 6". Communication messages sent by your teammates: ,
1,charlie,go to node 6,Your observation is: Round: 1. Total team score: 0. Results: You moved to Room 6. In the new room you found ; Bomb 3. Room contents: You are currently in Room 6. Contents of this room include charlie; Bomb 3. Your teammates action in last round: Player alpha: "go to node 3". Player bravo: "go to node 5". Player charlie: "go to node 6". Communication messages sent by your teammates: ,
2,alpha,inspect bomb,Your observation is: Round: 2. Total team score: 0. Results: You inspected Bomb 4. This bomb is a 2-stage bomb and its remaining sequence is Red-Green. Room contents: You are currently in Room 3. Contents of this room include alpha; Bomb 4. Your teammates action in last round: Player alpha: "inspect bomb". Player bravo: "inspect bomb". Player charlie: "inspect bomb". Communication messages sent by your teammates: ,
2,bravo,inspect bomb,Your observation is: Round: 2. Total team score: 0. Results: You inspected Bomb 2. This bomb is a 1-stage bomb and its remaining sequence is Blue. Room contents: You are currently in Room 5. Contents of this room include bravo; Bomb 2. Your teammates action in last round: Player alpha: "inspect bomb". Player bravo: "inspect bomb". Player charlie: "inspect bomb". Communication messages sent by your teammates: ,
2,charlie,inspect bomb,Your observation is: Round: 2. Total team score: 0. Results: You inspected Bomb 3. This bomb is a 2-stage bomb and its remaining sequence is Blue-Red. Room contents: You are currently in Room 6. Contents of this room include charlie; Bomb 3. Your teammates action in last round: Player alpha: "inspect bomb". Player bravo: "inspect bomb". Player charlie: "inspect bomb". Communication messages sent by your teammates: ,
3,alpha,inspect bomb,Your observation is: Round: 3. Total team score: 0. Results: You inspected Bomb 4. This bomb is a 2-stage bomb and its remaining sequence is Red-Green. Room contents: You are currently in Room 3. Contents of this room include alpha; Bomb 4. Your teammates action in last round: Player alpha: "inspect bomb". Player bravo: "inspect bomb". Player charlie: "use red tool". Communication messages sent by your teammates: ,
3,bravo,inspect bomb,Your observation is: Round: 3. Total team score: 0. Results: You inspected Bomb 2. This bomb is a 1-stage bomb and its remaining sequence is Blue. Room contents: You are currently in Room 5. Contents of this room include bravo; Bomb 2. Your teammates action in last round: Player alpha: "inspect bomb". Player bravo: "inspect bomb". Player charlie: "use red tool". Communication messages sent by your teammates: ,
3,charlie,use red tool,Your observation is: Round: 3. Total team score: 0. Results: You can not apply Tool Red to Bomb 3 because the sequence of this bomb is (<Color.blue: 2>; <Color.red: 0>). You will need to apply other color tool first. Room contents: You are currently in Room 6. Contents of this room include charlie; Bomb 3. Your teammates action in last round: Player alpha: "inspect bomb". Player bravo: "inspect bomb". Player charlie: "use red tool". Communication messages sent by your teammates: ,
1,alpha,go to node 3,Your observation is: Round: 1. Total team score: 0. Results: You moved to Room 3. In the new room you found ; Bomb 4. Room contents: You are currently in Room 3. Contents of this room include alpha; Bomb 4. Your teammates action in last round: Player alpha: "go to node 3". Player bravo: "go to node 5". Player charlie: "go to node 6". Communication messages sent by your teammates: ,
1,bravo,go to node 5,Your observation is: Round: 1. Total team score: 0. Results: You moved to Room 5. In the new room you found ; Bomb 2. Room contents: You are currently in Room 5. Contents of this room include bravo; Bomb 2. Your teammates action in last round: Player alpha: "go to node 3". Player bravo: "go to node 5". Player charlie: "go to node 6". Communication messages sent by your teammates: ,
1,charlie,go to node 6,Your observation is: Round: 1. Total team score: 0. Results: You moved to Room 6. In the new room you found ; Bomb 3. Room contents: You are currently in Room 6. Contents of this room include charlie; Bomb 3. Your teammates action in last round: Player alpha: "go to node 3". Player bravo: "go to node 5". Player charlie: "go to node 6". Communication messages sent by your teammates: ,
2,alpha,inspect bomb,Your observation is: Round: 2. Total team score: 0. Results: You inspected Bomb 4. This bomb is a 2-stage bomb and its remaining sequence is Red-Green. Room contents: You are currently in Room 3. Contents of this room include alpha; Bomb 4. Your teammates action in last round: Player alpha: "inspect bomb". Player bravo: "inspect bomb". Player charlie: "inspect bomb". Communication messages sent by your teammates: ,
2,bravo,inspect bomb,Your observation is: Round: 2. Total team score: 0. Results: You inspected Bomb 2. This bomb is a 1-stage bomb and its remaining sequence is Blue. Room contents: You are currently in Room 5. Contents of this room include bravo; Bomb 2. Your teammates action in last round: Player alpha: "inspect bomb". Player bravo: "inspect bomb". Player charlie: "inspect bomb". Communication messages sent by your teammates: ,
2,charlie,inspect bomb,Your observation is: Round: 2. Total team score: 0. Results: You inspected Bomb 3. This bomb is a 2-stage bomb and its remaining sequence is Blue-Red. Room contents: You are currently in Room 6. Contents of this room include charlie; Bomb 3. Your teammates action in last round: Player alpha: "inspect bomb". Player bravo: "inspect bomb". Player charlie: "inspect bomb". Communication messages sent by your teammates: ,
3,alpha,inspect bomb,Your observation is: Round: 3. Total team score: 0. Results: You inspected Bomb 4. This bomb is a 2-stage bomb and its remaining sequence is Red-Green. Room contents: You are currently in Room 3. Contents of this room include alpha; Bomb 4. Your teammates action in last round: Player alpha: "inspect bomb". Player bravo: "inspect bomb". Player charlie: "use red tool". Communication messages sent by your teammates: ,
3,bravo,inspect bomb,Your observation is: Round: 3. Total team score: 0. Results: You inspected Bomb 2. This bomb is a 1-stage bomb and its remaining sequence is Blue. Room contents: You are currently in Room 5. Contents of this room include bravo; Bomb 2. Your teammates action in last round: Player alpha: "inspect bomb". Player bravo: "inspect bomb". Player charlie: "use red tool". Communication messages sent by your teammates: ,
3,charlie,use red tool,Your observation is: Round: 3. Total team score: 0. Results: You can not apply Tool Red to Bomb 3 because the sequence of this bomb is (<Color.blue: 2>; <Color.red: 0>). You will need to apply other color tool first. Room contents: You are currently in Room 6. Contents of this room include charlie; Bomb 3. Your teammates action in last round: Player alpha: "inspect bomb". Player bravo: "inspect bomb". Player charlie: "use red tool". Communication messages sent by your teammates: ,
